model_id,model_design,seed,constant_alpha,constant_IFR,constant_R0,double_IFR_0,half_alpha_0,half_R0_0,half_S_0,max_t,use_seroprev,use_tests
1,1,1,FALSE,FALSE,FALSE,FALSE,FALSE,FALSE,FALSE,20,FALSE,TRUE
2,1,2,FALSE,FALSE,FALSE,FALSE,FALSE,FALSE,FALSE,20,FALSE,TRUE
3,1,3,FALSE,FALSE,FALSE,FALSE,FALSE,FALSE,FALSE,20,FALSE,TRUE
4,1,4,FALSE,FALSE,FALSE,FALSE,FALSE,FALSE,FALSE,20,FALSE,TRUE
5,2,1,FALSE,FALSE,FALSE,FALSE,FALSE,FALSE,FALSE,20,TRUE,TRUE
6,2,2,FALSE,FALSE,FALSE,FALSE,FALSE,FALSE,FALSE,20,TRUE,TRUE
7,2,3,FALSE,FALSE,FALSE,FALSE,FALSE,FALSE,FALSE,20,TRUE,TRUE
8,2,4,FALSE,FALSE,FALSE,FALSE,FALSE,FALSE,FALSE,20,TRUE,TRUE
9,3,1,FALSE,FALSE,FALSE,FALSE,FALSE,FALSE,FALSE,21,FALSE,TRUE
10,3,2,FALSE,FALSE,FALSE,FALSE,FALSE,FALSE,FALSE,21,FALSE,TRUE
11,3,3,FALSE,FALSE,FALSE,FALSE,FALSE,FALSE,FALSE,21,FALSE,TRUE
12,3,4,FALSE,FALSE,FALSE,FALSE,FALSE,FALSE,FALSE,21,FALSE,TRUE
13,4,1,FALSE,FALSE,FALSE,FALSE,FALSE,FALSE,FALSE,21,TRUE,TRUE
14,4,2,FALSE,FALSE,FALSE,FALSE,FALSE,FALSE,FALSE,21,TRUE,TRUE
15,4,3,FALSE,FALSE,FALSE,FALSE,FALSE,FALSE,FALSE,21,TRUE,TRUE
16,4,4,FALSE,FALSE,FALSE,FALSE,FALSE,FALSE,FALSE,21,TRUE,TRUE
17,5,1,FALSE,FALSE,FALSE,FALSE,FALSE,FALSE,FALSE,22,FALSE,TRUE
18,5,2,FALSE,FALSE,FALSE,FALSE,FALSE,FALSE,FALSE,22,FALSE,TRUE
19,5,3,FALSE,FALSE,FALSE,FALSE,FALSE,FALSE,FALSE,22,FALSE,TRUE
20,5,4,FALSE,FALSE,FALSE,FALSE,FALSE,FALSE,FALSE,22,FALSE,TRUE
21,6,1,FALSE,FALSE,FALSE,FALSE,FALSE,FALSE,FALSE,22,TRUE,TRUE
22,6,2,FALSE,FALSE,FALSE,FALSE,FALSE,FALSE,FALSE,22,TRUE,TRUE
23,6,3,FALSE,FALSE,FALSE,FALSE,FALSE,FALSE,FALSE,22,TRUE,TRUE
24,6,4,FALSE,FALSE,FALSE,FALSE,FALSE,FALSE,FALSE,22,TRUE,TRUE
25,7,1,FALSE,FALSE,FALSE,FALSE,FALSE,FALSE,FALSE,23,FALSE,TRUE
26,7,2,FALSE,FALSE,FALSE,FALSE,FALSE,FALSE,FALSE,23,FALSE,TRUE
27,7,3,FALSE,FALSE,FALSE,FALSE,FALSE,FALSE,FALSE,23,FALSE,TRUE
28,7,4,FALSE,FALSE,FALSE,FALSE,FALSE,FALSE,FALSE,23,FALSE,TRUE
29,8,1,FALSE,FALSE,FALSE,FALSE,FALSE,FALSE,FALSE,23,TRUE,TRUE
30,8,2,FALSE,FALSE,FALSE,FALSE,FALSE,FALSE,FALSE,23,TRUE,TRUE
31,8,3,FALSE,FALSE,FALSE,FALSE,FALSE,FALSE,FALSE,23,TRUE,TRUE
32,8,4,FALSE,FALSE,FALSE,FALSE,FALSE,FALSE,FALSE,23,TRUE,TRUE
33,9,1,FALSE,FALSE,FALSE,FALSE,FALSE,FALSE,FALSE,24,FALSE,TRUE
34,9,2,FALSE,FALSE,FALSE,FALSE,FALSE,FALSE,FALSE,24,FALSE,TRUE
35,9,3,FALSE,FALSE,FALSE,FALSE,FALSE,FALSE,FALSE,24,FALSE,TRUE
36,9,4,FALSE,FALSE,FALSE,FALSE,FALSE,FALSE,FALSE,24,FALSE,TRUE
37,10,1,FALSE,FALSE,FALSE,FALSE,FALSE,FALSE,FALSE,24,TRUE,TRUE
38,10,2,FALSE,FALSE,FALSE,FALSE,FALSE,FALSE,FALSE,24,TRUE,TRUE
39,10,3,FALSE,FALSE,FALSE,FALSE,FALSE,FALSE,FALSE,24,TRUE,TRUE
40,10,4,FALSE,FALSE,FALSE,FALSE,FALSE,FALSE,FALSE,24,TRUE,TRUE
41,11,1,FALSE,FALSE,FALSE,FALSE,FALSE,FALSE,FALSE,25,FALSE,TRUE
42,11,2,FALSE,FALSE,FALSE,FALSE,FALSE,FALSE,FALSE,25,FALSE,TRUE
43,11,3,FALSE,FALSE,FALSE,FALSE,FALSE,FALSE,FALSE,25,FALSE,TRUE
44,11,4,FALSE,FALSE,FALSE,FALSE,FALSE,FALSE,FALSE,25,FALSE,TRUE
45,12,1,FALSE,FALSE,FALSE,FALSE,FALSE,FALSE,FALSE,25,TRUE,TRUE
46,12,2,FALSE,FALSE,FALSE,FALSE,FALSE,FALSE,FALSE,25,TRUE,TRUE
47,12,3,FALSE,FALSE,FALSE,FALSE,FALSE,FALSE,FALSE,25,TRUE,TRUE
48,12,4,FALSE,FALSE,FALSE,FALSE,FALSE,FALSE,FALSE,25,TRUE,TRUE
49,13,1,FALSE,FALSE,FALSE,FALSE,FALSE,FALSE,FALSE,26,FALSE,TRUE
50,13,2,FALSE,FALSE,FALSE,FALSE,FALSE,FALSE,FALSE,26,FALSE,TRUE
51,13,3,FALSE,FALSE,FALSE,FALSE,FALSE,FALSE,FALSE,26,FALSE,TRUE
52,13,4,FALSE,FALSE,FALSE,FALSE,FALSE,FALSE,FALSE,26,FALSE,TRUE
53,14,1,FALSE,FALSE,FALSE,FALSE,FALSE,FALSE,FALSE,26,TRUE,TRUE
54,14,2,FALSE,FALSE,FALSE,FALSE,FALSE,FALSE,FALSE,26,TRUE,TRUE
55,14,3,FALSE,FALSE,FALSE,FALSE,FALSE,FALSE,FALSE,26,TRUE,TRUE
56,14,4,FALSE,FALSE,FALSE,FALSE,FALSE,FALSE,FALSE,26,TRUE,TRUE
57,15,1,FALSE,FALSE,FALSE,FALSE,FALSE,FALSE,FALSE,27,FALSE,TRUE
58,15,2,FALSE,FALSE,FALSE,FALSE,FALSE,FALSE,FALSE,27,FALSE,TRUE
59,15,3,FALSE,FALSE,FALSE,FALSE,FALSE,FALSE,FALSE,27,FALSE,TRUE
60,15,4,FALSE,FALSE,FALSE,FALSE,FALSE,FALSE,FALSE,27,FALSE,TRUE
61,16,1,FALSE,FALSE,FALSE,FALSE,FALSE,FALSE,FALSE,27,TRUE,TRUE
62,16,2,FALSE,FALSE,FALSE,FALSE,FALSE,FALSE,FALSE,27,TRUE,TRUE
63,16,3,FALSE,FALSE,FALSE,FALSE,FALSE,FALSE,FALSE,27,TRUE,TRUE
64,16,4,FALSE,FALSE,FALSE,FALSE,FALSE,FALSE,FALSE,27,TRUE,TRUE
65,17,1,FALSE,FALSE,FALSE,FALSE,FALSE,FALSE,FALSE,28,FALSE,TRUE
66,17,2,FALSE,FALSE,FALSE,FALSE,FALSE,FALSE,FALSE,28,FALSE,TRUE
67,17,3,FALSE,FALSE,FALSE,FALSE,FALSE,FALSE,FALSE,28,FALSE,TRUE
68,17,4,FALSE,FALSE,FALSE,FALSE,FALSE,FALSE,FALSE,28,FALSE,TRUE
69,18,1,FALSE,FALSE,FALSE,FALSE,FALSE,FALSE,FALSE,28,TRUE,TRUE
70,18,2,FALSE,FALSE,FALSE,FALSE,FALSE,FALSE,FALSE,28,TRUE,TRUE
71,18,3,FALSE,FALSE,FALSE,FALSE,FALSE,FALSE,FALSE,28,TRUE,TRUE
72,18,4,FALSE,FALSE,FALSE,FALSE,FALSE,FALSE,FALSE,28,TRUE,TRUE
73,19,1,FALSE,FALSE,FALSE,FALSE,FALSE,FALSE,FALSE,29,FALSE,TRUE
74,19,2,FALSE,FALSE,FALSE,FALSE,FALSE,FALSE,FALSE,29,FALSE,TRUE
75,19,3,FALSE,FALSE,FALSE,FALSE,FALSE,FALSE,FALSE,29,FALSE,TRUE
76,19,4,FALSE,FALSE,FALSE,FALSE,FALSE,FALSE,FALSE,29,FALSE,TRUE
77,20,1,FALSE,FALSE,FALSE,FALSE,FALSE,FALSE,FALSE,29,TRUE,TRUE
78,20,2,FALSE,FALSE,FALSE,FALSE,FALSE,FALSE,FALSE,29,TRUE,TRUE
79,20,3,FALSE,FALSE,FALSE,FALSE,FALSE,FALSE,FALSE,29,TRUE,TRUE
80,20,4,FALSE,FALSE,FALSE,FALSE,FALSE,FALSE,FALSE,29,TRUE,TRUE
81,21,1,FALSE,FALSE,FALSE,FALSE,FALSE,FALSE,FALSE,30,FALSE,TRUE
82,21,2,FALSE,FALSE,FALSE,FALSE,FALSE,FALSE,FALSE,30,FALSE,TRUE
83,21,3,FALSE,FALSE,FALSE,FALSE,FALSE,FALSE,FALSE,30,FALSE,TRUE
84,21,4,FALSE,FALSE,FALSE,FALSE,FALSE,FALSE,FALSE,30,FALSE,TRUE
85,22,1,FALSE,FALSE,FALSE,FALSE,FALSE,FALSE,FALSE,30,TRUE,TRUE
86,22,2,FALSE,FALSE,FALSE,FALSE,FALSE,FALSE,FALSE,30,TRUE,TRUE
87,22,3,FALSE,FALSE,FALSE,FALSE,FALSE,FALSE,FALSE,30,TRUE,TRUE
88,22,4,FALSE,FALSE,FALSE,FALSE,FALSE,FALSE,FALSE,30,TRUE,TRUE
89,23,1,FALSE,FALSE,FALSE,FALSE,FALSE,FALSE,FALSE,31,FALSE,TRUE
90,23,2,FALSE,FALSE,FALSE,FALSE,FALSE,FALSE,FALSE,31,FALSE,TRUE
91,23,3,FALSE,FALSE,FALSE,FALSE,FALSE,FALSE,FALSE,31,FALSE,TRUE
92,23,4,FALSE,FALSE,FALSE,FALSE,FALSE,FALSE,FALSE,31,FALSE,TRUE
93,24,1,FALSE,FALSE,FALSE,FALSE,FALSE,FALSE,FALSE,31,TRUE,TRUE
94,24,2,FALSE,FALSE,FALSE,FALSE,FALSE,FALSE,FALSE,31,TRUE,TRUE
95,24,3,FALSE,FALSE,FALSE,FALSE,FALSE,FALSE,FALSE,31,TRUE,TRUE
96,24,4,FALSE,FALSE,FALSE,FALSE,FALSE,FALSE,FALSE,31,TRUE,TRUE
97,25,1,FALSE,FALSE,FALSE,FALSE,FALSE,FALSE,FALSE,32,FALSE,TRUE
98,25,2,FALSE,FALSE,FALSE,FALSE,FALSE,FALSE,FALSE,32,FALSE,TRUE
99,25,3,FALSE,FALSE,FALSE,FALSE,FALSE,FALSE,FALSE,32,FALSE,TRUE
100,25,4,FALSE,FALSE,FALSE,FALSE,FALSE,FALSE,FALSE,32,FALSE,TRUE
101,26,1,FALSE,FALSE,FALSE,FALSE,FALSE,FALSE,FALSE,32,TRUE,TRUE
102,26,2,FALSE,FALSE,FALSE,FALSE,FALSE,FALSE,FALSE,32,TRUE,TRUE
103,26,3,FALSE,FALSE,FALSE,FALSE,FALSE,FALSE,FALSE,32,TRUE,TRUE
104,26,4,FALSE,FALSE,FALSE,FALSE,FALSE,FALSE,FALSE,32,TRUE,TRUE
105,27,1,FALSE,FALSE,FALSE,FALSE,FALSE,FALSE,FALSE,33,FALSE,TRUE
106,27,2,FALSE,FALSE,FALSE,FALSE,FALSE,FALSE,FALSE,33,FALSE,TRUE
107,27,3,FALSE,FALSE,FALSE,FALSE,FALSE,FALSE,FALSE,33,FALSE,TRUE
108,27,4,FALSE,FALSE,FALSE,FALSE,FALSE,FALSE,FALSE,33,FALSE,TRUE
109,28,1,FALSE,FALSE,FALSE,FALSE,FALSE,FALSE,FALSE,33,TRUE,TRUE
110,28,2,FALSE,FALSE,FALSE,FALSE,FALSE,FALSE,FALSE,33,TRUE,TRUE
111,28,3,FALSE,FALSE,FALSE,FALSE,FALSE,FALSE,FALSE,33,TRUE,TRUE
112,28,4,FALSE,FALSE,FALSE,FALSE,FALSE,FALSE,FALSE,33,TRUE,TRUE
113,29,1,FALSE,FALSE,FALSE,FALSE,FALSE,FALSE,FALSE,34,FALSE,TRUE
114,29,2,FALSE,FALSE,FALSE,FALSE,FALSE,FALSE,FALSE,34,FALSE,TRUE
115,29,3,FALSE,FALSE,FALSE,FALSE,FALSE,FALSE,FALSE,34,FALSE,TRUE
116,29,4,FALSE,FALSE,FALSE,FALSE,FALSE,FALSE,FALSE,34,FALSE,TRUE
117,30,1,FALSE,FALSE,FALSE,FALSE,FALSE,FALSE,FALSE,34,TRUE,TRUE
118,30,2,FALSE,FALSE,FALSE,FALSE,FALSE,FALSE,FALSE,34,TRUE,TRUE
119,30,3,FALSE,FALSE,FALSE,FALSE,FALSE,FALSE,FALSE,34,TRUE,TRUE
120,30,4,FALSE,FALSE,FALSE,FALSE,FALSE,FALSE,FALSE,34,TRUE,TRUE
121,31,1,FALSE,FALSE,FALSE,FALSE,FALSE,FALSE,FALSE,35,FALSE,TRUE
122,31,2,FALSE,FALSE,FALSE,FALSE,FALSE,FALSE,FALSE,35,FALSE,TRUE
123,31,3,FALSE,FALSE,FALSE,FALSE,FALSE,FALSE,FALSE,35,FALSE,TRUE
124,31,4,FALSE,FALSE,FALSE,FALSE,FALSE,FALSE,FALSE,35,FALSE,TRUE
125,32,1,FALSE,FALSE,FALSE,FALSE,FALSE,FALSE,FALSE,35,TRUE,TRUE
126,32,2,FALSE,FALSE,FALSE,FALSE,FALSE,FALSE,FALSE,35,TRUE,TRUE
127,32,3,FALSE,FALSE,FALSE,FALSE,FALSE,FALSE,FALSE,35,TRUE,TRUE
128,32,4,FALSE,FALSE,FALSE,FALSE,FALSE,FALSE,FALSE,35,TRUE,TRUE
129,33,1,FALSE,FALSE,FALSE,FALSE,FALSE,FALSE,FALSE,36,FALSE,TRUE
130,33,2,FALSE,FALSE,FALSE,FALSE,FALSE,FALSE,FALSE,36,FALSE,TRUE
131,33,3,FALSE,FALSE,FALSE,FALSE,FALSE,FALSE,FALSE,36,FALSE,TRUE
132,33,4,FALSE,FALSE,FALSE,FALSE,FALSE,FALSE,FALSE,36,FALSE,TRUE
133,34,1,FALSE,FALSE,FALSE,FALSE,FALSE,FALSE,FALSE,36,TRUE,TRUE
134,34,2,FALSE,FALSE,FALSE,FALSE,FALSE,FALSE,FALSE,36,TRUE,TRUE
135,34,3,FALSE,FALSE,FALSE,FALSE,FALSE,FALSE,FALSE,36,TRUE,TRUE
136,34,4,FALSE,FALSE,FALSE,FALSE,FALSE,FALSE,FALSE,36,TRUE,TRUE
137,35,1,FALSE,FALSE,FALSE,FALSE,FALSE,FALSE,FALSE,37,FALSE,TRUE
138,35,2,FALSE,FALSE,FALSE,FALSE,FALSE,FALSE,FALSE,37,FALSE,TRUE
139,35,3,FALSE,FALSE,FALSE,FALSE,FALSE,FALSE,FALSE,37,FALSE,TRUE
140,35,4,FALSE,FALSE,FALSE,FALSE,FALSE,FALSE,FALSE,37,FALSE,TRUE
141,36,1,FALSE,FALSE,FALSE,FALSE,FALSE,FALSE,FALSE,37,TRUE,TRUE
142,36,2,FALSE,FALSE,FALSE,FALSE,FALSE,FALSE,FALSE,37,TRUE,TRUE
143,36,3,FALSE,FALSE,FALSE,FALSE,FALSE,FALSE,FALSE,37,TRUE,TRUE
144,36,4,FALSE,FALSE,FALSE,FALSE,FALSE,FALSE,FALSE,37,TRUE,TRUE
145,37,1,FALSE,FALSE,FALSE,FALSE,FALSE,FALSE,FALSE,38,FALSE,TRUE
146,37,2,FALSE,FALSE,FALSE,FALSE,FALSE,FALSE,FALSE,38,FALSE,TRUE
147,37,3,FALSE,FALSE,FALSE,FALSE,FALSE,FALSE,FALSE,38,FALSE,TRUE
148,37,4,FALSE,FALSE,FALSE,FALSE,FALSE,FALSE,FALSE,38,FALSE,TRUE
149,38,1,FALSE,FALSE,FALSE,FALSE,FALSE,FALSE,FALSE,38,TRUE,TRUE
150,38,2,FALSE,FALSE,FALSE,FALSE,FALSE,FALSE,FALSE,38,TRUE,TRUE
151,38,3,FALSE,FALSE,FALSE,FALSE,FALSE,FALSE,FALSE,38,TRUE,TRUE
152,38,4,FALSE,FALSE,FALSE,FALSE,FALSE,FALSE,FALSE,38,TRUE,TRUE
153,39,1,FALSE,FALSE,FALSE,FALSE,FALSE,FALSE,FALSE,39,FALSE,TRUE
154,39,2,FALSE,FALSE,FALSE,FALSE,FALSE,FALSE,FALSE,39,FALSE,TRUE
155,39,3,FALSE,FALSE,FALSE,FALSE,FALSE,FALSE,FALSE,39,FALSE,TRUE
156,39,4,FALSE,FALSE,FALSE,FALSE,FALSE,FALSE,FALSE,39,FALSE,TRUE
157,40,1,FALSE,FALSE,FALSE,FALSE,FALSE,FALSE,FALSE,39,TRUE,TRUE
158,40,2,FALSE,FALSE,FALSE,FALSE,FALSE,FALSE,FALSE,39,TRUE,TRUE
159,40,3,FALSE,FALSE,FALSE,FALSE,FALSE,FALSE,FALSE,39,TRUE,TRUE
160,40,4,FALSE,FALSE,FALSE,FALSE,FALSE,FALSE,FALSE,39,TRUE,TRUE
161,41,1,FALSE,FALSE,FALSE,FALSE,FALSE,FALSE,FALSE,40,FALSE,TRUE
162,41,2,FALSE,FALSE,FALSE,FALSE,FALSE,FALSE,FALSE,40,FALSE,TRUE
163,41,3,FALSE,FALSE,FALSE,FALSE,FALSE,FALSE,FALSE,40,FALSE,TRUE
164,41,4,FALSE,FALSE,FALSE,FALSE,FALSE,FALSE,FALSE,40,FALSE,TRUE
165,42,1,FALSE,FALSE,FALSE,FALSE,FALSE,FALSE,FALSE,40,TRUE,TRUE
166,42,2,FALSE,FALSE,FALSE,FALSE,FALSE,FALSE,FALSE,40,TRUE,TRUE
167,42,3,FALSE,FALSE,FALSE,FALSE,FALSE,FALSE,FALSE,40,TRUE,TRUE
168,42,4,FALSE,FALSE,FALSE,FALSE,FALSE,FALSE,FALSE,40,TRUE,TRUE
169,43,1,FALSE,FALSE,FALSE,FALSE,FALSE,FALSE,FALSE,41,FALSE,TRUE
170,43,2,FALSE,FALSE,FALSE,FALSE,FALSE,FALSE,FALSE,41,FALSE,TRUE
171,43,3,FALSE,FALSE,FALSE,FALSE,FALSE,FALSE,FALSE,41,FALSE,TRUE
172,43,4,FALSE,FALSE,FALSE,FALSE,FALSE,FALSE,FALSE,41,FALSE,TRUE
173,44,1,FALSE,FALSE,FALSE,FALSE,FALSE,FALSE,FALSE,41,TRUE,TRUE
174,44,2,FALSE,FALSE,FALSE,FALSE,FALSE,FALSE,FALSE,41,TRUE,TRUE
175,44,3,FALSE,FALSE,FALSE,FALSE,FALSE,FALSE,FALSE,41,TRUE,TRUE
176,44,4,FALSE,FALSE,FALSE,FALSE,FALSE,FALSE,FALSE,41,TRUE,TRUE
177,45,1,FALSE,FALSE,FALSE,FALSE,FALSE,FALSE,FALSE,42,FALSE,TRUE
178,45,2,FALSE,FALSE,FALSE,FALSE,FALSE,FALSE,FALSE,42,FALSE,TRUE
179,45,3,FALSE,FALSE,FALSE,FALSE,FALSE,FALSE,FALSE,42,FALSE,TRUE
180,45,4,FALSE,FALSE,FALSE,FALSE,FALSE,FALSE,FALSE,42,FALSE,TRUE
181,46,1,FALSE,FALSE,FALSE,FALSE,FALSE,FALSE,FALSE,42,TRUE,TRUE
182,46,2,FALSE,FALSE,FALSE,FALSE,FALSE,FALSE,FALSE,42,TRUE,TRUE
183,46,3,FALSE,FALSE,FALSE,FALSE,FALSE,FALSE,FALSE,42,TRUE,TRUE
184,46,4,FALSE,FALSE,FALSE,FALSE,FALSE,FALSE,FALSE,42,TRUE,TRUE
185,47,1,FALSE,FALSE,FALSE,FALSE,FALSE,FALSE,FALSE,20,TRUE,FALSE
186,47,2,FALSE,FALSE,FALSE,FALSE,FALSE,FALSE,FALSE,20,TRUE,FALSE
187,47,3,FALSE,FALSE,FALSE,FALSE,FALSE,FALSE,FALSE,20,TRUE,FALSE
188,47,4,FALSE,FALSE,FALSE,FALSE,FALSE,FALSE,FALSE,20,TRUE,FALSE
189,48,1,FALSE,FALSE,FALSE,FALSE,FALSE,FALSE,FALSE,21,TRUE,FALSE
190,48,2,FALSE,FALSE,FALSE,FALSE,FALSE,FALSE,FALSE,21,TRUE,FALSE
191,48,3,FALSE,FALSE,FALSE,FALSE,FALSE,FALSE,FALSE,21,TRUE,FALSE
192,48,4,FALSE,FALSE,FALSE,FALSE,FALSE,FALSE,FALSE,21,TRUE,FALSE
193,49,1,FALSE,FALSE,FALSE,FALSE,FALSE,FALSE,FALSE,22,TRUE,FALSE
194,49,2,FALSE,FALSE,FALSE,FALSE,FALSE,FALSE,FALSE,22,TRUE,FALSE
195,49,3,FALSE,FALSE,FALSE,FALSE,FALSE,FALSE,FALSE,22,TRUE,FALSE
196,49,4,FALSE,FALSE,FALSE,FALSE,FALSE,FALSE,FALSE,22,TRUE,FALSE
197,50,1,FALSE,FALSE,FALSE,FALSE,FALSE,FALSE,FALSE,23,TRUE,FALSE
198,50,2,FALSE,FALSE,FALSE,FALSE,FALSE,FALSE,FALSE,23,TRUE,FALSE
199,50,3,FALSE,FALSE,FALSE,FALSE,FALSE,FALSE,FALSE,23,TRUE,FALSE
200,50,4,FALSE,FALSE,FALSE,FALSE,FALSE,FALSE,FALSE,23,TRUE,FALSE
201,51,1,FALSE,FALSE,FALSE,FALSE,FALSE,FALSE,FALSE,24,TRUE,FALSE
202,51,2,FALSE,FALSE,FALSE,FALSE,FALSE,FALSE,FALSE,24,TRUE,FALSE
203,51,3,FALSE,FALSE,FALSE,FALSE,FALSE,FALSE,FALSE,24,TRUE,FALSE
204,51,4,FALSE,FALSE,FALSE,FALSE,FALSE,FALSE,FALSE,24,TRUE,FALSE
205,52,1,FALSE,FALSE,FALSE,FALSE,FALSE,FALSE,FALSE,25,TRUE,FALSE
206,52,2,FALSE,FALSE,FALSE,FALSE,FALSE,FALSE,FALSE,25,TRUE,FALSE
207,52,3,FALSE,FALSE,FALSE,FALSE,FALSE,FALSE,FALSE,25,TRUE,FALSE
208,52,4,FALSE,FALSE,FALSE,FALSE,FALSE,FALSE,FALSE,25,TRUE,FALSE
209,53,1,FALSE,FALSE,FALSE,FALSE,FALSE,FALSE,FALSE,26,TRUE,FALSE
210,53,2,FALSE,FALSE,FALSE,FALSE,FALSE,FALSE,FALSE,26,TRUE,FALSE
211,53,3,FALSE,FALSE,FALSE,FALSE,FALSE,FALSE,FALSE,26,TRUE,FALSE
212,53,4,FALSE,FALSE,FALSE,FALSE,FALSE,FALSE,FALSE,26,TRUE,FALSE
213,54,1,FALSE,FALSE,FALSE,FALSE,FALSE,FALSE,FALSE,27,TRUE,FALSE
214,54,2,FALSE,FALSE,FALSE,FALSE,FALSE,FALSE,FALSE,27,TRUE,FALSE
215,54,3,FALSE,FALSE,FALSE,FALSE,FALSE,FALSE,FALSE,27,TRUE,FALSE
216,54,4,FALSE,FALSE,FALSE,FALSE,FALSE,FALSE,FALSE,27,TRUE,FALSE
217,55,1,FALSE,FALSE,FALSE,FALSE,FALSE,FALSE,FALSE,28,TRUE,FALSE
218,55,2,FALSE,FALSE,FALSE,FALSE,FALSE,FALSE,FALSE,28,TRUE,FALSE
219,55,3,FALSE,FALSE,FALSE,FALSE,FALSE,FALSE,FALSE,28,TRUE,FALSE
220,55,4,FALSE,FALSE,FALSE,FALSE,FALSE,FALSE,FALSE,28,TRUE,FALSE
221,56,1,FALSE,FALSE,FALSE,FALSE,FALSE,FALSE,FALSE,29,TRUE,FALSE
222,56,2,FALSE,FALSE,FALSE,FALSE,FALSE,FALSE,FALSE,29,TRUE,FALSE
223,56,3,FALSE,FALSE,FALSE,FALSE,FALSE,FALSE,FALSE,29,TRUE,FALSE
224,56,4,FALSE,FALSE,FALSE,FALSE,FALSE,FALSE,FALSE,29,TRUE,FALSE
225,57,1,FALSE,FALSE,FALSE,FALSE,FALSE,FALSE,FALSE,30,TRUE,FALSE
226,57,2,FALSE,FALSE,FALSE,FALSE,FALSE,FALSE,FALSE,30,TRUE,FALSE
227,57,3,FALSE,FALSE,FALSE,FALSE,FALSE,FALSE,FALSE,30,TRUE,FALSE
228,57,4,FALSE,FALSE,FALSE,FALSE,FALSE,FALSE,FALSE,30,TRUE,FALSE
229,58,1,FALSE,FALSE,FALSE,FALSE,FALSE,FALSE,FALSE,31,TRUE,FALSE
230,58,2,FALSE,FALSE,FALSE,FALSE,FALSE,FALSE,FALSE,31,TRUE,FALSE
231,58,3,FALSE,FALSE,FALSE,FALSE,FALSE,FALSE,FALSE,31,TRUE,FALSE
232,58,4,FALSE,FALSE,FALSE,FALSE,FALSE,FALSE,FALSE,31,TRUE,FALSE
233,59,1,FALSE,FALSE,FALSE,FALSE,FALSE,FALSE,FALSE,32,TRUE,FALSE
234,59,2,FALSE,FALSE,FALSE,FALSE,FALSE,FALSE,FALSE,32,TRUE,FALSE
235,59,3,FALSE,FALSE,FALSE,FALSE,FALSE,FALSE,FALSE,32,TRUE,FALSE
236,59,4,FALSE,FALSE,FALSE,FALSE,FALSE,FALSE,FALSE,32,TRUE,FALSE
237,60,1,FALSE,FALSE,FALSE,FALSE,FALSE,FALSE,FALSE,33,TRUE,FALSE
238,60,2,FALSE,FALSE,FALSE,FALSE,FALSE,FALSE,FALSE,33,TRUE,FALSE
239,60,3,FALSE,FALSE,FALSE,FALSE,FALSE,FALSE,FALSE,33,TRUE,FALSE
240,60,4,FALSE,FALSE,FALSE,FALSE,FALSE,FALSE,FALSE,33,TRUE,FALSE
241,61,1,FALSE,FALSE,FALSE,FALSE,FALSE,FALSE,FALSE,34,TRUE,FALSE
242,61,2,FALSE,FALSE,FALSE,FALSE,FALSE,FALSE,FALSE,34,TRUE,FALSE
243,61,3,FALSE,FALSE,FALSE,FALSE,FALSE,FALSE,FALSE,34,TRUE,FALSE
244,61,4,FALSE,FALSE,FALSE,FALSE,FALSE,FALSE,FALSE,34,TRUE,FALSE
245,62,1,FALSE,FALSE,FALSE,FALSE,FALSE,FALSE,FALSE,35,TRUE,FALSE
246,62,2,FALSE,FALSE,FALSE,FALSE,FALSE,FALSE,FALSE,35,TRUE,FALSE
247,62,3,FALSE,FALSE,FALSE,FALSE,FALSE,FALSE,FALSE,35,TRUE,FALSE
248,62,4,FALSE,FALSE,FALSE,FALSE,FALSE,FALSE,FALSE,35,TRUE,FALSE
249,63,1,FALSE,FALSE,FALSE,FALSE,FALSE,FALSE,FALSE,36,TRUE,FALSE
250,63,2,FALSE,FALSE,FALSE,FALSE,FALSE,FALSE,FALSE,36,TRUE,FALSE
251,63,3,FALSE,FALSE,FALSE,FALSE,FALSE,FALSE,FALSE,36,TRUE,FALSE
252,63,4,FALSE,FALSE,FALSE,FALSE,FALSE,FALSE,FALSE,36,TRUE,FALSE
253,64,1,FALSE,FALSE,FALSE,FALSE,FALSE,FALSE,FALSE,37,TRUE,FALSE
254,64,2,FALSE,FALSE,FALSE,FALSE,FALSE,FALSE,FALSE,37,TRUE,FALSE
255,64,3,FALSE,FALSE,FALSE,FALSE,FALSE,FALSE,FALSE,37,TRUE,FALSE
256,64,4,FALSE,FALSE,FALSE,FALSE,FALSE,FALSE,FALSE,37,TRUE,FALSE
257,65,1,FALSE,FALSE,FALSE,FALSE,FALSE,FALSE,FALSE,38,TRUE,FALSE
258,65,2,FALSE,FALSE,FALSE,FALSE,FALSE,FALSE,FALSE,38,TRUE,FALSE
259,65,3,FALSE,FALSE,FALSE,FALSE,FALSE,FALSE,FALSE,38,TRUE,FALSE
260,65,4,FALSE,FALSE,FALSE,FALSE,FALSE,FALSE,FALSE,38,TRUE,FALSE
261,66,1,FALSE,FALSE,FALSE,FALSE,FALSE,FALSE,FALSE,39,TRUE,FALSE
262,66,2,FALSE,FALSE,FALSE,FALSE,FALSE,FALSE,FALSE,39,TRUE,FALSE
263,66,3,FALSE,FALSE,FALSE,FALSE,FALSE,FALSE,FALSE,39,TRUE,FALSE
264,66,4,FALSE,FALSE,FALSE,FALSE,FALSE,FALSE,FALSE,39,TRUE,FALSE
265,67,1,FALSE,FALSE,FALSE,FALSE,FALSE,FALSE,FALSE,40,TRUE,FALSE
266,67,2,FALSE,FALSE,FALSE,FALSE,FALSE,FALSE,FALSE,40,TRUE,FALSE
267,67,3,FALSE,FALSE,FALSE,FALSE,FALSE,FALSE,FALSE,40,TRUE,FALSE
268,67,4,FALSE,FALSE,FALSE,FALSE,FALSE,FALSE,FALSE,40,TRUE,FALSE
269,68,1,FALSE,FALSE,FALSE,FALSE,FALSE,FALSE,FALSE,41,TRUE,FALSE
270,68,2,FALSE,FALSE,FALSE,FALSE,FALSE,FALSE,FALSE,41,TRUE,FALSE
271,68,3,FALSE,FALSE,FALSE,FALSE,FALSE,FALSE,FALSE,41,TRUE,FALSE
272,68,4,FALSE,FALSE,FALSE,FALSE,FALSE,FALSE,FALSE,41,TRUE,FALSE
273,69,1,FALSE,FALSE,FALSE,FALSE,FALSE,FALSE,FALSE,42,TRUE,FALSE
274,69,2,FALSE,FALSE,FALSE,FALSE,FALSE,FALSE,FALSE,42,TRUE,FALSE
275,69,3,FALSE,FALSE,FALSE,FALSE,FALSE,FALSE,FALSE,42,TRUE,FALSE
276,69,4,FALSE,FALSE,FALSE,FALSE,FALSE,FALSE,FALSE,42,TRUE,FALSE
277,70,1,FALSE,FALSE,FALSE,FALSE,FALSE,FALSE,TRUE,42,FALSE,TRUE
278,70,2,FALSE,FALSE,FALSE,FALSE,FALSE,FALSE,TRUE,42,FALSE,TRUE
279,70,3,FALSE,FALSE,FALSE,FALSE,FALSE,FALSE,TRUE,42,FALSE,TRUE
280,70,4,FALSE,FALSE,FALSE,FALSE,FALSE,FALSE,TRUE,42,FALSE,TRUE
281,71,1,FALSE,FALSE,FALSE,FALSE,FALSE,FALSE,TRUE,42,TRUE,TRUE
282,71,2,FALSE,FALSE,FALSE,FALSE,FALSE,FALSE,TRUE,42,TRUE,TRUE
283,71,3,FALSE,FALSE,FALSE,FALSE,FALSE,FALSE,TRUE,42,TRUE,TRUE
284,71,4,FALSE,FALSE,FALSE,FALSE,FALSE,FALSE,TRUE,42,TRUE,TRUE
285,72,1,FALSE,FALSE,FALSE,FALSE,FALSE,TRUE,FALSE,42,FALSE,TRUE
286,72,2,FALSE,FALSE,FALSE,FALSE,FALSE,TRUE,FALSE,42,FALSE,TRUE
287,72,3,FALSE,FALSE,FALSE,FALSE,FALSE,TRUE,FALSE,42,FALSE,TRUE
288,72,4,FALSE,FALSE,FALSE,FALSE,FALSE,TRUE,FALSE,42,FALSE,TRUE
289,73,1,FALSE,FALSE,FALSE,FALSE,FALSE,TRUE,FALSE,42,TRUE,TRUE
290,73,2,FALSE,FALSE,FALSE,FALSE,FALSE,TRUE,FALSE,42,TRUE,TRUE
291,73,3,FALSE,FALSE,FALSE,FALSE,FALSE,TRUE,FALSE,42,TRUE,TRUE
292,73,4,FALSE,FALSE,FALSE,FALSE,FALSE,TRUE,FALSE,42,TRUE,TRUE
293,74,1,FALSE,FALSE,FALSE,TRUE,FALSE,FALSE,FALSE,42,FALSE,TRUE
294,74,2,FALSE,FALSE,FALSE,TRUE,FALSE,FALSE,FALSE,42,FALSE,TRUE
295,74,3,FALSE,FALSE,FALSE,TRUE,FALSE,FALSE,FALSE,42,FALSE,TRUE
296,74,4,FALSE,FALSE,FALSE,TRUE,FALSE,FALSE,FALSE,42,FALSE,TRUE
297,75,1,FALSE,FALSE,FALSE,TRUE,FALSE,FALSE,FALSE,42,TRUE,TRUE
298,75,2,FALSE,FALSE,FALSE,TRUE,FALSE,FALSE,FALSE,42,TRUE,TRUE
299,75,3,FALSE,FALSE,FALSE,TRUE,FALSE,FALSE,FALSE,42,TRUE,TRUE
300,75,4,FALSE,FALSE,FALSE,TRUE,FALSE,FALSE,FALSE,42,TRUE,TRUE
301,76,1,FALSE,FALSE,FALSE,FALSE,TRUE,FALSE,FALSE,42,FALSE,TRUE
302,76,2,FALSE,FALSE,FALSE,FALSE,TRUE,FALSE,FALSE,42,FALSE,TRUE
303,76,3,FALSE,FALSE,FALSE,FALSE,TRUE,FALSE,FALSE,42,FALSE,TRUE
304,76,4,FALSE,FALSE,FALSE,FALSE,TRUE,FALSE,FALSE,42,FALSE,TRUE
305,77,1,FALSE,FALSE,FALSE,FALSE,TRUE,FALSE,FALSE,42,TRUE,TRUE
306,77,2,FALSE,FALSE,FALSE,FALSE,TRUE,FALSE,FALSE,42,TRUE,TRUE
307,77,3,FALSE,FALSE,FALSE,FALSE,TRUE,FALSE,FALSE,42,TRUE,TRUE
308,77,4,FALSE,FALSE,FALSE,FALSE,TRUE,FALSE,FALSE,42,TRUE,TRUE
309,78,1,FALSE,FALSE,TRUE,FALSE,FALSE,FALSE,FALSE,42,TRUE,TRUE
310,78,2,FALSE,FALSE,TRUE,FALSE,FALSE,FALSE,FALSE,42,TRUE,TRUE
311,78,3,FALSE,FALSE,TRUE,FALSE,FALSE,FALSE,FALSE,42,TRUE,TRUE
312,78,4,FALSE,FALSE,TRUE,FALSE,FALSE,FALSE,FALSE,42,TRUE,TRUE
313,79,1,TRUE,FALSE,FALSE,FALSE,FALSE,FALSE,FALSE,42,TRUE,TRUE
314,79,2,TRUE,FALSE,FALSE,FALSE,FALSE,FALSE,FALSE,42,TRUE,TRUE
315,79,3,TRUE,FALSE,FALSE,FALSE,FALSE,FALSE,FALSE,42,TRUE,TRUE
316,79,4,TRUE,FALSE,FALSE,FALSE,FALSE,FALSE,FALSE,42,TRUE,TRUE
317,80,1,FALSE,TRUE,FALSE,FALSE,FALSE,FALSE,FALSE,42,TRUE,TRUE
318,80,2,FALSE,TRUE,FALSE,FALSE,FALSE,FALSE,FALSE,42,TRUE,TRUE
319,80,3,FALSE,TRUE,FALSE,FALSE,FALSE,FALSE,FALSE,42,TRUE,TRUE
320,80,4,FALSE,TRUE,FALSE,FALSE,FALSE,FALSE,FALSE,42,TRUE,TRUE
321,81,1,FALSE,FALSE,FALSE,FALSE,FALSE,FALSE,FALSE,4,FALSE,FALSE
322,81,2,FALSE,FALSE,FALSE,FALSE,FALSE,FALSE,FALSE,4,FALSE,FALSE
323,81,3,FALSE,FALSE,FALSE,FALSE,FALSE,FALSE,FALSE,4,FALSE,FALSE
324,81,4,FALSE,FALSE,FALSE,FALSE,FALSE,FALSE,FALSE,4,FALSE,FALSE
325,82,1,FALSE,FALSE,FALSE,FALSE,FALSE,FALSE,FALSE,5,FALSE,FALSE
326,82,2,FALSE,FALSE,FALSE,FALSE,FALSE,FALSE,FALSE,5,FALSE,FALSE
327,82,3,FALSE,FALSE,FALSE,FALSE,FALSE,FALSE,FALSE,5,FALSE,FALSE
328,82,4,FALSE,FALSE,FALSE,FALSE,FALSE,FALSE,FALSE,5,FALSE,FALSE
329,83,1,FALSE,FALSE,FALSE,FALSE,FALSE,FALSE,FALSE,6,FALSE,FALSE
330,83,2,FALSE,FALSE,FALSE,FALSE,FALSE,FALSE,FALSE,6,FALSE,FALSE
331,83,3,FALSE,FALSE,FALSE,FALSE,FALSE,FALSE,FALSE,6,FALSE,FALSE
332,83,4,FALSE,FALSE,FALSE,FALSE,FALSE,FALSE,FALSE,6,FALSE,FALSE
333,84,1,FALSE,FALSE,FALSE,FALSE,FALSE,FALSE,FALSE,7,FALSE,FALSE
334,84,2,FALSE,FALSE,FALSE,FALSE,FALSE,FALSE,FALSE,7,FALSE,FALSE
335,84,3,FALSE,FALSE,FALSE,FALSE,FALSE,FALSE,FALSE,7,FALSE,FALSE
336,84,4,FALSE,FALSE,FALSE,FALSE,FALSE,FALSE,FALSE,7,FALSE,FALSE
337,85,1,FALSE,FALSE,FALSE,FALSE,FALSE,FALSE,FALSE,8,FALSE,FALSE
338,85,2,FALSE,FALSE,FALSE,FALSE,FALSE,FALSE,FALSE,8,FALSE,FALSE
339,85,3,FALSE,FALSE,FALSE,FALSE,FALSE,FALSE,FALSE,8,FALSE,FALSE
340,85,4,FALSE,FALSE,FALSE,FALSE,FALSE,FALSE,FALSE,8,FALSE,FALSE
341,86,1,FALSE,FALSE,FALSE,FALSE,FALSE,FALSE,FALSE,9,FALSE,FALSE
342,86,2,FALSE,FALSE,FALSE,FALSE,FALSE,FALSE,FALSE,9,FALSE,FALSE
343,86,3,FALSE,FALSE,FALSE,FALSE,FALSE,FALSE,FALSE,9,FALSE,FALSE
344,86,4,FALSE,FALSE,FALSE,FALSE,FALSE,FALSE,FALSE,9,FALSE,FALSE
345,87,1,FALSE,FALSE,FALSE,FALSE,FALSE,FALSE,FALSE,10,FALSE,FALSE
346,87,2,FALSE,FALSE,FALSE,FALSE,FALSE,FALSE,FALSE,10,FALSE,FALSE
347,87,3,FALSE,FALSE,FALSE,FALSE,FALSE,FALSE,FALSE,10,FALSE,FALSE
348,87,4,FALSE,FALSE,FALSE,FALSE,FALSE,FALSE,FALSE,10,FALSE,FALSE
349,88,1,FALSE,FALSE,FALSE,FALSE,FALSE,FALSE,FALSE,11,FALSE,FALSE
350,88,2,FALSE,FALSE,FALSE,FALSE,FALSE,FALSE,FALSE,11,FALSE,FALSE
351,88,3,FALSE,FALSE,FALSE,FALSE,FALSE,FALSE,FALSE,11,FALSE,FALSE
352,88,4,FALSE,FALSE,FALSE,FALSE,FALSE,FALSE,FALSE,11,FALSE,FALSE
353,89,1,FALSE,FALSE,FALSE,FALSE,FALSE,FALSE,FALSE,12,FALSE,FALSE
354,89,2,FALSE,FALSE,FALSE,FALSE,FALSE,FALSE,FALSE,12,FALSE,FALSE
355,89,3,FALSE,FALSE,FALSE,FALSE,FALSE,FALSE,FALSE,12,FALSE,FALSE
356,89,4,FALSE,FALSE,FALSE,FALSE,FALSE,FALSE,FALSE,12,FALSE,FALSE
357,90,1,FALSE,FALSE,FALSE,FALSE,FALSE,FALSE,FALSE,13,FALSE,FALSE
358,90,2,FALSE,FALSE,FALSE,FALSE,FALSE,FALSE,FALSE,13,FALSE,FALSE
359,90,3,FALSE,FALSE,FALSE,FALSE,FALSE,FALSE,FALSE,13,FALSE,FALSE
360,90,4,FALSE,FALSE,FALSE,FALSE,FALSE,FALSE,FALSE,13,FALSE,FALSE
361,91,1,FALSE,FALSE,FALSE,FALSE,FALSE,FALSE,FALSE,14,FALSE,FALSE
362,91,2,FALSE,FALSE,FALSE,FALSE,FALSE,FALSE,FALSE,14,FALSE,FALSE
363,91,3,FALSE,FALSE,FALSE,FALSE,FALSE,FALSE,FALSE,14,FALSE,FALSE
364,91,4,FALSE,FALSE,FALSE,FALSE,FALSE,FALSE,FALSE,14,FALSE,FALSE
365,92,1,FALSE,FALSE,FALSE,FALSE,FALSE,FALSE,FALSE,15,FALSE,FALSE
366,92,2,FALSE,FALSE,FALSE,FALSE,FALSE,FALSE,FALSE,15,FALSE,FALSE
367,92,3,FALSE,FALSE,FALSE,FALSE,FALSE,FALSE,FALSE,15,FALSE,FALSE
368,92,4,FALSE,FALSE,FALSE,FALSE,FALSE,FALSE,FALSE,15,FALSE,FALSE
369,93,1,FALSE,FALSE,FALSE,FALSE,FALSE,FALSE,FALSE,16,FALSE,FALSE
370,93,2,FALSE,FALSE,FALSE,FALSE,FALSE,FALSE,FALSE,16,FALSE,FALSE
371,93,3,FALSE,FALSE,FALSE,FALSE,FALSE,FALSE,FALSE,16,FALSE,FALSE
372,93,4,FALSE,FALSE,FALSE,FALSE,FALSE,FALSE,FALSE,16,FALSE,FALSE
373,94,1,FALSE,FALSE,FALSE,FALSE,FALSE,FALSE,FALSE,17,FALSE,FALSE
374,94,2,FALSE,FALSE,FALSE,FALSE,FALSE,FALSE,FALSE,17,FALSE,FALSE
375,94,3,FALSE,FALSE,FALSE,FALSE,FALSE,FALSE,FALSE,17,FALSE,FALSE
376,94,4,FALSE,FALSE,FALSE,FALSE,FALSE,FALSE,FALSE,17,FALSE,FALSE
377,95,1,FALSE,FALSE,FALSE,FALSE,FALSE,FALSE,FALSE,18,FALSE,FALSE
378,95,2,FALSE,FALSE,FALSE,FALSE,FALSE,FALSE,FALSE,18,FALSE,FALSE
379,95,3,FALSE,FALSE,FALSE,FALSE,FALSE,FALSE,FALSE,18,FALSE,FALSE
380,95,4,FALSE,FALSE,FALSE,FALSE,FALSE,FALSE,FALSE,18,FALSE,FALSE
381,96,1,FALSE,FALSE,FALSE,FALSE,FALSE,FALSE,FALSE,19,FALSE,FALSE
382,96,2,FALSE,FALSE,FALSE,FALSE,FALSE,FALSE,FALSE,19,FALSE,FALSE
383,96,3,FALSE,FALSE,FALSE,FALSE,FALSE,FALSE,FALSE,19,FALSE,FALSE
384,96,4,FALSE,FALSE,FALSE,FALSE,FALSE,FALSE,FALSE,19,FALSE,FALSE
385,97,1,FALSE,FALSE,FALSE,FALSE,FALSE,FALSE,FALSE,4,FALSE,TRUE
386,97,2,FALSE,FALSE,FALSE,FALSE,FALSE,FALSE,FALSE,4,FALSE,TRUE
387,97,3,FALSE,FALSE,FALSE,FALSE,FALSE,FALSE,FALSE,4,FALSE,TRUE
388,97,4,FALSE,FALSE,FALSE,FALSE,FALSE,FALSE,FALSE,4,FALSE,TRUE
389,98,1,FALSE,FALSE,FALSE,FALSE,FALSE,FALSE,FALSE,5,FALSE,TRUE
390,98,2,FALSE,FALSE,FALSE,FALSE,FALSE,FALSE,FALSE,5,FALSE,TRUE
391,98,3,FALSE,FALSE,FALSE,FALSE,FALSE,FALSE,FALSE,5,FALSE,TRUE
392,98,4,FALSE,FALSE,FALSE,FALSE,FALSE,FALSE,FALSE,5,FALSE,TRUE
393,99,1,FALSE,FALSE,FALSE,FALSE,FALSE,FALSE,FALSE,6,FALSE,TRUE
394,99,2,FALSE,FALSE,FALSE,FALSE,FALSE,FALSE,FALSE,6,FALSE,TRUE
395,99,3,FALSE,FALSE,FALSE,FALSE,FALSE,FALSE,FALSE,6,FALSE,TRUE
396,99,4,FALSE,FALSE,FALSE,FALSE,FALSE,FALSE,FALSE,6,FALSE,TRUE
397,100,1,FALSE,FALSE,FALSE,FALSE,FALSE,FALSE,FALSE,7,FALSE,TRUE
398,100,2,FALSE,FALSE,FALSE,FALSE,FALSE,FALSE,FALSE,7,FALSE,TRUE
399,100,3,FALSE,FALSE,FALSE,FALSE,FALSE,FALSE,FALSE,7,FALSE,TRUE
400,100,4,FALSE,FALSE,FALSE,FALSE,FALSE,FALSE,FALSE,7,FALSE,TRUE
401,101,1,FALSE,FALSE,FALSE,FALSE,FALSE,FALSE,FALSE,8,FALSE,TRUE
402,101,2,FALSE,FALSE,FALSE,FALSE,FALSE,FALSE,FALSE,8,FALSE,TRUE
403,101,3,FALSE,FALSE,FALSE,FALSE,FALSE,FALSE,FALSE,8,FALSE,TRUE
404,101,4,FALSE,FALSE,FALSE,FALSE,FALSE,FALSE,FALSE,8,FALSE,TRUE
405,102,1,FALSE,FALSE,FALSE,FALSE,FALSE,FALSE,FALSE,9,FALSE,TRUE
406,102,2,FALSE,FALSE,FALSE,FALSE,FALSE,FALSE,FALSE,9,FALSE,TRUE
407,102,3,FALSE,FALSE,FALSE,FALSE,FALSE,FALSE,FALSE,9,FALSE,TRUE
408,102,4,FALSE,FALSE,FALSE,FALSE,FALSE,FALSE,FALSE,9,FALSE,TRUE
409,103,1,FALSE,FALSE,FALSE,FALSE,FALSE,FALSE,FALSE,10,FALSE,TRUE
410,103,2,FALSE,FALSE,FALSE,FALSE,FALSE,FALSE,FALSE,10,FALSE,TRUE
411,103,3,FALSE,FALSE,FALSE,FALSE,FALSE,FALSE,FALSE,10,FALSE,TRUE
412,103,4,FALSE,FALSE,FALSE,FALSE,FALSE,FALSE,FALSE,10,FALSE,TRUE
413,104,1,FALSE,FALSE,FALSE,FALSE,FALSE,FALSE,FALSE,11,FALSE,TRUE
414,104,2,FALSE,FALSE,FALSE,FALSE,FALSE,FALSE,FALSE,11,FALSE,TRUE
415,104,3,FALSE,FALSE,FALSE,FALSE,FALSE,FALSE,FALSE,11,FALSE,TRUE
416,104,4,FALSE,FALSE,FALSE,FALSE,FALSE,FALSE,FALSE,11,FALSE,TRUE
417,105,1,FALSE,FALSE,FALSE,FALSE,FALSE,FALSE,FALSE,12,FALSE,TRUE
418,105,2,FALSE,FALSE,FALSE,FALSE,FALSE,FALSE,FALSE,12,FALSE,TRUE
419,105,3,FALSE,FALSE,FALSE,FALSE,FALSE,FALSE,FALSE,12,FALSE,TRUE
420,105,4,FALSE,FALSE,FALSE,FALSE,FALSE,FALSE,FALSE,12,FALSE,TRUE
421,106,1,FALSE,FALSE,FALSE,FALSE,FALSE,FALSE,FALSE,13,FALSE,TRUE
422,106,2,FALSE,FALSE,FALSE,FALSE,FALSE,FALSE,FALSE,13,FALSE,TRUE
423,106,3,FALSE,FALSE,FALSE,FALSE,FALSE,FALSE,FALSE,13,FALSE,TRUE
424,106,4,FALSE,FALSE,FALSE,FALSE,FALSE,FALSE,FALSE,13,FALSE,TRUE
425,107,1,FALSE,FALSE,FALSE,FALSE,FALSE,FALSE,FALSE,14,FALSE,TRUE
426,107,2,FALSE,FALSE,FALSE,FALSE,FALSE,FALSE,FALSE,14,FALSE,TRUE
427,107,3,FALSE,FALSE,FALSE,FALSE,FALSE,FALSE,FALSE,14,FALSE,TRUE
428,107,4,FALSE,FALSE,FALSE,FALSE,FALSE,FALSE,FALSE,14,FALSE,TRUE
429,108,1,FALSE,FALSE,FALSE,FALSE,FALSE,FALSE,FALSE,15,FALSE,TRUE
430,108,2,FALSE,FALSE,FALSE,FALSE,FALSE,FALSE,FALSE,15,FALSE,TRUE
431,108,3,FALSE,FALSE,FALSE,FALSE,FALSE,FALSE,FALSE,15,FALSE,TRUE
432,108,4,FALSE,FALSE,FALSE,FALSE,FALSE,FALSE,FALSE,15,FALSE,TRUE
433,109,1,FALSE,FALSE,FALSE,FALSE,FALSE,FALSE,FALSE,16,FALSE,TRUE
434,109,2,FALSE,FALSE,FALSE,FALSE,FALSE,FALSE,FALSE,16,FALSE,TRUE
435,109,3,FALSE,FALSE,FALSE,FALSE,FALSE,FALSE,FALSE,16,FALSE,TRUE
436,109,4,FALSE,FALSE,FALSE,FALSE,FALSE,FALSE,FALSE,16,FALSE,TRUE
437,110,1,FALSE,FALSE,FALSE,FALSE,FALSE,FALSE,FALSE,17,FALSE,TRUE
438,110,2,FALSE,FALSE,FALSE,FALSE,FALSE,FALSE,FALSE,17,FALSE,TRUE
439,110,3,FALSE,FALSE,FALSE,FALSE,FALSE,FALSE,FALSE,17,FALSE,TRUE
440,110,4,FALSE,FALSE,FALSE,FALSE,FALSE,FALSE,FALSE,17,FALSE,TRUE
441,111,1,FALSE,FALSE,FALSE,FALSE,FALSE,FALSE,FALSE,18,FALSE,TRUE
442,111,2,FALSE,FALSE,FALSE,FALSE,FALSE,FALSE,FALSE,18,FALSE,TRUE
443,111,3,FALSE,FALSE,FALSE,FALSE,FALSE,FALSE,FALSE,18,FALSE,TRUE
444,111,4,FALSE,FALSE,FALSE,FALSE,FALSE,FALSE,FALSE,18,FALSE,TRUE
445,112,1,FALSE,FALSE,FALSE,FALSE,FALSE,FALSE,FALSE,19,FALSE,TRUE
446,112,2,FALSE,FALSE,FALSE,FALSE,FALSE,FALSE,FALSE,19,FALSE,TRUE
447,112,3,FALSE,FALSE,FALSE,FALSE,FALSE,FALSE,FALSE,19,FALSE,TRUE
448,112,4,FALSE,FALSE,FALSE,FALSE,FALSE,FALSE,FALSE,19,FALSE,TRUE
